{"cameraMode":{"drawMode":0,"name":"Shaded","section":"Shading Mode"},"sceneLighting":true,"audioPlay":false,"sceneViewState":{"m_AlwaysRefresh":false,"showFog":true,"showSkybox":true,"showFlares":true,"showImageEffects":true,"showParticleSystems":true,"showVisualEffectGraphs":true,"m_FxEnabled":true},"in2DMode":false,"pivot":{"x":-1.7445884943008423,"y":1.7621725797653199,"z":-2.0122320652008058},"rotation":{"x":-0.11209669709205628,"y":-0.5767912864685059,"z":0.08027111738920212,"w":-0.8052170872688294},"size":0.9485146403312683,"orthographic":false}